author id,created_at,geo,id,lang,like_count,quote_count,reply_count,retweet_count,source,tweet
1176955029770723328,2022-01-30 23:55:28+00:00, ,1487937539688304642,en,0,0,0,0,Twitter for Android,@GiseIleLynette @FashionNova So beautiful and sexy ğŸ˜
1112519932435001344,2022-01-30 23:49:09+00:00, ,1487935948738363396,en,0,0,1,0,Twitter for iPhone,@FashionNova your customer service is literally the worst. I hate it here.
297594693,2022-01-30 23:40:49+00:00, ,1487933850315538439,en,0,0,0,0,Twitter for iPhone,"Any time, Any place.

@FashionNova https://t.co/wyAJF9fy1a"
1355794957215399936,2022-01-30 23:30:49+00:00, ,1487931334995714052,en,0,0,0,0,Twitter for iPhone,How ghetto can @fashionnova  get at this point ğŸ¤® https://t.co/Ct3EGfzuUP
1071080319221157888,2022-01-30 22:59:06+00:00, ,1487923352048185349,en,0,0,0,0,Twitter for iPhone,@APinchOfMystery @FashionNova Perfect
252411988,2022-01-30 22:31:09+00:00, ,1487916319550935040,en,0,0,1,0,Twitter for iPhone,@FashionNova Buy one get one free code does not work. Doesnâ€™t take anything off of the cart total.
1291868485778321408,2022-01-30 22:30:32+00:00, ,1487916164516925440,en,262,2,3,15,Twitter for iPhone,"Less perfection, more authenticity. ğŸ’@FashionNova https://t.co/LCZxhzYr2y"
1349250851857068033,2022-01-30 21:51:05+00:00, ,1487906236318113792,en,2,0,0,0,Twitter Web App,@GiseIleLynette @FashionNova You have the most beautiful face
360816231,2022-01-30 21:44:49+00:00, ,1487904661512331270,en,0,0,0,0,Twitter for Android,@GiseIleLynette @FashionNova Anywhere Anytime
212746159,2022-01-30 21:21:07+00:00, ,1487898696650047490,en,1276,0,25,53,Twitter for iPhone,@GiseIleLynette @FashionNova Perfect ğŸ˜ curse ğŸ https://t.co/1K6nFiqloS
1158208514759827458,2022-01-30 21:12:27+00:00, ,1487896515087515652,en,73,0,1,4,Instagram,"â€œI Have Enough Lingerie, said No One Everâ€ ğŸ’“.                                                       @fashionnova @novaintimates #novababe #vianeyfrias #fashionnova https://t.co/eEoIKg4Vvt"
2717981378,2022-01-30 21:12:21+00:00, ,1487896488877330432,en,83,0,1,1,Twitter for iPhone,"Donâ€™t give them too much, too often they forget itâ€™s a privilege ğŸ’– 

Cardigan: @LOVESHACKFANCY 
Bodysuit/ jeans/ shoes: @FashionNova 

#ootddetails #fashionnova #novababe #loveshackfancy #viralfashion https://t.co/7Vj95X39Ux"
479655176,2022-01-30 21:05:30+00:00, ,1487894764401877005,en,1,0,0,0,Twitter for iPhone,Wow well eff you @FashionNova @FashionNovaHelp for letting me click installments and then just take the whole amount out of my bank. You will be cancelling this order. I wasnâ€™t even done.
1480181879643021334,2022-01-30 21:03:15+00:00, ,1487894200469397513,en,1,0,0,0,Twitter for Android,@GiseIleLynette @FashionNova WOOOOOOOW BERFECT
2763691474,2022-01-30 21:03:10+00:00, ,1487894178470191108,en,1,0,0,0,Twitter for iPhone,@GiseIleLynette @FashionNova Only fans yea I be a billionaire
1477796350599254017,2022-01-30 20:58:02+00:00, ,1487892887987757060,en,2,0,0,0,Twitter for Android,@GiseIleLynette @FashionNova So beautiful
1437591896629579779,2022-01-30 20:57:34+00:00, ,1487892768919891970,en,0,0,0,0,Twitter for iPhone,@GiseIleLynette @FashionNova Ya Iâ€™d say you can be better than she was
993168208822759426,2022-01-30 20:54:17+00:00, ,1487891940813193220,en,4902,5,98,293,Twitter for iPhone,Come thru ğŸ–¤ @FashionNova https://t.co/vmdD1kvGNA
1064311206356312064,2022-01-30 20:35:32+00:00, ,1487887223282450432,en,0,0,0,0,Twitter for Android,@FashionNova Beautiful
125167327,2022-01-30 20:21:11+00:00, ,1487883612011724802,en,0,0,0,0,Instagram,@FashionNova keeps Bernice Burgos looking snatched in that lingerie! https://t.co/TzyxLWGCrd
279266655,2022-01-30 20:15:35+00:00, ,1487882203426078727,en,0,0,1,0,Twitter for iPhone,When you order from @FashionNova then the next day they do BOGOF ğŸ˜­
899738564681883648,2022-01-30 20:13:52+00:00,0fc2e041b2d41000,1487881773161713664,en,4,0,2,1,Twitter for iPhone,"IDC ABOUT YA EXâ€™S BABE NONE OF EM WERE FLYğŸ¦‚ @FashionNova 
â€¢
â€¢

#mountcharleston #mtcharleston #twopieceset #baddielook
 #scorpio #scorpiowomen #vegasmodels #lasvegas #scorpiofemale #explorepage #hotblackgirls #ContentCreator https://t.co/OhXkWC9ErA"
256260345,2022-01-30 19:46:24+00:00, ,1487874858751078405,en,0,0,0,0,Twitter for iPhone,Iâ€™ll never make it @fashionnova plzzzzzzzzz ship today ğŸ™ğŸ¾ğŸ˜­
1170384500393762817,2022-01-30 19:27:56+00:00, ,1487870213295161345,en,0,0,0,0,Twitter for iPhone,"@FashionNova ğŸ˜­ğŸ˜­, itâ€™s just torture at this point https://t.co/Npp24UyJV0"
123727052,2022-01-30 17:51:53+00:00, ,1487846041806323722,en,1,0,0,0,Twitter for Android,@GiseIleLynette @FashionNova You so damn fine! Mmmm ğŸ‘…
1318935013795180547,2022-01-30 17:44:59+00:00, ,1487844302134910982,en,0,0,0,0,Twitter for iPhone,"@flvckojamie This happened with 2 pieces I added to cart and purchased/checkedout, they emailed me after the purchase and gave me a credit because those items werenâ€™t in stock. My first and only purchase from @FashionNova â€¦. 4yrs later still havenâ€™t used the credit."
65874360,2022-01-30 17:42:29+00:00, ,1487843672821481475,en,1,0,0,0,Twitter for iPhone,My birthday ğŸ‚ dress is here guys ğŸ’•ğŸ’œğŸ’•ğŸ’•ğŸ’œğŸ’•ğŸ’œğŸ’• Wait for the Stunt ! @FashionNova thank you
468739787,2022-01-30 17:11:08+00:00, ,1487835785902518273,en,0,0,0,0,Twitter for iPhone,"@FashionNova Nice,"
817592855094960128,2022-01-30 16:38:09+00:00, ,1487827482803847169,en,0,0,1,0,Twitter for iPhone,@FashionNovaHelp @FashionNova my package has been â€œOut For Deliveryâ€ for 5 days and I ordered it 10 days ago. Whatâ€™s the hold up!?!
1191974049091600385,2022-01-30 16:25:09+00:00, ,1487824214581256196,en,0,0,0,0,Twitter for Android,@NattyNightwolf @SHEIN_official @FashionNova wow so amazingly beautiful ğŸ˜ â¤
1487564929632776199,2022-01-30 16:20:35+00:00, ,1487823064918380552,en,1,0,0,0,Twitter for Android,@GiseIleLynette @FashionNova nice ass
446120546,2022-01-30 16:18:37+00:00, ,1487822569893998605,en,2,0,0,0,Twitter Web App,@GiseIleLynette @FashionNova Ya 2 much gul
1454730501407846403,2022-01-30 16:08:49+00:00, ,1487820101734875137,en,0,0,0,0,Twitter for iPhone,@tianatee808 @FashionNova Wish tiana beautiful ğŸŒ¹â¤ï¸
1347668935517237248,2022-01-30 15:54:21+00:00, ,1487816463016763392,en,274,1,8,17,Twitter for iPhone,Be my valentineâ¤ï¸ @FashionNova https://t.co/0MBCkBHTQ5
4825273329,2022-01-30 15:31:32+00:00, ,1487810721748508672,en,1,0,0,0,Twitter for Android,@GiseIleLynette @FashionNova Dam show do
1340000104137314306,2022-01-30 14:30:56+00:00, ,1487795468973260801,en,9,0,0,1,Twitter for iPhone,"Astonishing Night @HouseofXnyc
.
ğŸ“¸ @Xris_SMack !
PVC @ArtificeClothing 
Bodysuit @FashionNova
Corset @LivingDeadDolls
.
.
.
#BeatrixDevine #Model #Goth #GothGirl #Gothic #GothAesthetic #GothFashion #GothModel #HouseofX #HouseofYes #NYC #Events #Clubbing #GothGoth #GothMakeup https://t.co/aOlAhbwINC"
84104752,2022-01-30 14:29:10+00:00, ,1487795022892351488,en,1,0,0,0,Twitter for Android,@realvaleriec @FashionNova @FashionNovaHelp @4leafed @Aaptil80 @adults_RT @BBCBabesXXX @bigboobsfansite @SccsMRUK @DailyBabes2022 @YourBadBabes @nonudeladies .... you are perfect â¤
84104752,2022-01-30 14:27:27+00:00, ,1487794592644747271,en,1,0,0,0,Twitter for Android,@realvaleriec @FashionNova @FashionNovaHelp @4leafed @Aaptil80 @adults_RT @BBCBabesXXX @bigboobsfansite @SccsMRUK @DailyBabes2022 @YourBadBabes @nonudeladies So hot baby ğŸ¥µğŸ”¥
48529713,2022-01-30 14:10:22+00:00, ,1487790293072359424,pt,1,0,0,0,Twitter for Android,@GiseIleLynette @FashionNova Hey mama ğŸ‘€ğŸ’¦ğŸ’‹ https://t.co/OQuK5EPZQP
46320432,2022-01-30 14:09:54+00:00, ,1487790176680267778,en,0,0,1,0,Twitter for iPhone,"So Iâ€™m shopping on @fashionNova and every time I go to my shopping cart, the prices change! Iâ€™ve gone from $97 to $107 to $113 in a matter of minutes. An outfit that I put in my cart went from $16 to $23 and another one from $30 to $40. Is this normal @FashionNovaHelp???"
1386638252686417920,2022-01-30 13:26:41+00:00, ,1487779301554638853,en,0,0,0,0,Twitter for Android,@AlexajaneFans @FashionNova @alexa__jane20 HERMOSO LOOK
66261654,2022-01-30 13:11:10+00:00, ,1487775394254270467,en,1,0,0,0,Twitter for iPad,@GiseIleLynette @FashionNova I would hope that paint was on a Canvas
66261654,2022-01-30 13:09:30+00:00, ,1487774977743011843,en,1,0,0,0,Twitter for iPad,@GiseIleLynette @FashionNova Unlike you I miss all the time ğŸ˜­ğŸ˜­ğŸ˜­
1358204328,2022-01-30 12:16:50+00:00, ,1487761720999305219,en,0,0,0,0,Twitter for Android,@watchdiamondoll @FashionNova Yes lawd!
1485669880712081409,2022-01-30 12:01:15+00:00, ,1487757798859550721,en,1,0,0,0,Twitter for Android,@GiseIleLynette @FashionNova So Beautiful!
1457999802013208581,2022-01-30 11:21:05+00:00, ,1487747690792374273,en,1,0,0,0,Twitter for Android,@GiseIleLynette @FashionNova Very sexy
1434441627091750915,2022-01-30 10:55:45+00:00,fec750e635427c4d,1487741315181862912,en,1,0,0,0,Twitter for Android,@lucy_Robson2 @FashionNova Dammmmmm you are absofuckinglutely gorgeous
1463140483379703812,2022-01-30 09:51:13+00:00, ,1487725077852471299,en,1,0,0,0,Twitter for Android,@GiseIleLynette @FashionNova Looks great on you
1316075357414526977,2022-01-30 09:46:05+00:00, ,1487723785876910082,en,0,0,0,0,Twitter for iPhone,@Dan70981046 @_Lolobe4 @FashionNova Thought that said something else then!
1171998336058089472,2022-01-30 09:26:59+00:00, ,1487718979749781511,en,1,0,0,0,Twitter for Android,@GiseIleLynette @FashionNova Beautiful ass you're beautiful too
24279857,2022-01-30 08:44:01+00:00, ,1487708165852606465,en,0,1,1,0,Twitter Web App,In case you wondered what I wore to the Homecoming game.  I wore this such textile for the first time from @fashionnova with a hood on it.  I wore it again last last year to a hair appointment in case you missed it I think I was about to get braids the next day? https://t.co/emgTVeG3wC
1440948882167504897,2022-01-30 08:33:50+00:00, ,1487705600595304449,en,1,0,0,0,Twitter for Android,@GiseIleLynette @FashionNova No I miss you
1473766436619243520,2022-01-30 08:16:50+00:00, ,1487701322270797826,en,1,0,0,0,Twitter for Android,@GiseIleLynette @FashionNova Like you baby
1459738269311242243,2022-01-30 08:09:10+00:00, ,1487699392761061380,en,1,0,0,0,Twitter for Android,@GiseIleLynette @FashionNova Gorgeous keep stuntin forever my queen
1093296668156534784,2022-01-30 07:02:54+00:00, ,1487682717919686659,en,0,0,0,0,Twitter for Android,Dress from @fashionnova #fashionnova
1487437332177293314,2022-01-30 06:49:28+00:00, ,1487679335578288128,en,51,0,2,5,Twitter for Android,"Outfit from @FashionNova 
#vanessarhd https://t.co/NQq6llIEMx"
159556577,2022-01-30 06:40:47+00:00, ,1487677150811598848,en,1,0,0,0,Twitter for Android,@GiseIleLynette @FashionNova Absolutely gorgeous
952619561395908608,2022-01-30 04:48:13+00:00, ,1487648822306222080,en,0,0,0,0,Twitter Web App,"secured fashionnova.tez

@fashionnova what's the word im reasonable"
94737331,2022-01-30 04:24:22+00:00, ,1487642821494411265,en,0,0,0,0,Twitter for iPhone,@trisdhaliwal @FashionNova Would literally kiss the ground that you walk on
1064311206356312064,2022-01-30 04:13:15+00:00, ,1487640022702514177,en,0,0,0,0,Twitter for Android,@FashionNova Very beautiful
1064311206356312064,2022-01-30 04:13:03+00:00, ,1487639974342057985,en,0,0,0,0,Twitter for Android,@FashionNova Gorgeous
382881848,2022-01-30 02:33:24+00:00, ,1487614895726252040,en,1,0,1,1,Twitter for Android,Really wanted to buy a dress for my birthday from @FashionNova but then I realised ya have to pay like 11 quid for shipping and I ducked out
2265348926,2022-01-30 02:12:46+00:00, ,1487609705597915146,en,1,0,0,0,Twitter for Android,@GiseIleLynette @FashionNova Stacked front and back baby girl just has all the assets
1446269456603303937,2022-01-30 01:52:39+00:00, ,1487604641600835584,en,1,0,0,0,Twitter for Android,"@GiseIleLynette @FashionNova â˜£ï¸ CHECK OUT MY MUSICâ˜¢ï¸
https://t.co/qD7YawBTzH"
1462021477641957378,2022-01-30 01:37:40+00:00, ,1487600871634620416,en,1,0,0,0,Twitter Web App,@GiseIleLynette @FashionNova Looks like it was painted with the prettiest girl in all over the world.ğŸ˜
1275061448180457472,2022-01-30 01:36:43+00:00,0dc1e0a9a715d000,1487600632362119168,en,1,0,0,1,Twitter for iPhone,missing wearing my @FashionNova dress at @hollandridge farmsğŸ¥ºğŸ’ https://t.co/riXDiFfFxo
2195000251,2022-01-30 01:18:30+00:00, ,1487596048285458433,en,1,0,0,0,Twitter for iPhone,@GiseIleLynette @FashionNova Absolutely stunning gorgeous lovely lady ğŸ’
3700415897,2022-01-30 01:09:01+00:00, ,1487593661852536833,en,1,0,0,0,Twitter for Android,@GiseIleLynette @FashionNova Gorgeous!!
1544811660,2022-01-30 01:04:46+00:00, ,1487592592602718208,en,1,0,0,0,Twitter for iPhone,@newyorkBRAND_ EXACTLYYYYYYYYYYYYYYYYY @FashionNova  WHERE ARE YOU AND WHY YALL DONT WANNA RESPOND â€¦ I Donâ€™t Care What happen two weeks ago where is my shittttt ğŸ‘€ğŸ‘€ğŸ‘€ğŸ‘€ğŸ‘€ğŸ‘€ğŸ‘€ğŸ‘€ğŸ‘€
1275061448180457472,2022-01-30 00:17:34+00:00, ,1487580712584859651,en,1,0,0,0,Twitter for iPhone,goldenâœ¨ @FashionNova #novababe https://t.co/1QZM2agYc5
1480181879643021334,2022-01-29 23:52:22+00:00, ,1487574372353253376,en,1,0,0,0,Twitter for Android,@GiseIleLynette @FashionNova Your ass is perfect and very sexy
1273118559032442882,2022-01-29 23:51:16+00:00, ,1487574095575207936,en,1,0,0,0,Twitter for Android,@GiseIleLynette @FashionNova Beautiful
1017144995801915394,2022-01-29 23:44:44+00:00, ,1487572448463626241,en,0,0,0,0,Instagram,"#Repost @savannahriveraaa â¤ï¸ğŸ˜âœ¨
Out &amp; About ğŸ’šğŸ•Š top &amp; jeans @fashionnova https://t.co/NqspHHDdd0"
1422265551259258886,2022-01-29 23:29:08+00:00, ,1487568522326724608,en,1,0,0,0,Instagram,"Claps up 

#smile #motivationalquotes #girl
#fitnessmotivation @victoriassecretfshow @fashionnova @fashionworldvideos @fashionnova https://t.co/ZiaYdkIJe1"
378936140,2022-01-29 23:08:11+00:00, ,1487563250157948933,en,0,0,0,0,Twitter for iPhone,So Iâ€™m just going to stick to buying bras and sets from savage fenty ğŸ¥´ got three lingerie sets from @FashionNova and my titties just too damn big ğŸ¤£ğŸ¤¦ğŸ½â€â™€ï¸
1312397338908987392,2022-01-29 22:58:30+00:00, ,1487560815511326729,en,1,0,0,0,Twitter for Android,@GiseIleLynette @FashionNova sexy â™¥ï¸â™¥ï¸
4911782356,2022-01-29 22:53:04+00:00, ,1487559445693489152,en,1,0,0,0,Twitter Web App,@GiseIleLynette @FashionNova Beautifully sculptured body.
2319059796,2022-01-29 22:48:07+00:00, ,1487558200174039043,it,0,0,0,0,Twitter for Android,@annanystromof @FashionNova @CSxyBeautyflies @AnnaNystromfanp @nystrom_photo @ModelosDel @worldofqueens1 @BellezaD3Mujer @Takayu_10 @alexa__jane20 @Beautiful_FITNZ Sexy belle
1271820716351127558,2022-01-29 22:23:21+00:00, ,1487551967220088833,en,0,0,0,0,Twitter for Android,"@gisellelynette in @fashionnova 
By @_projectdream

Follow me across the internet! Link in Bio
https://t.co/u6hUfnIbPm

#projectdream 
#projectdreamart
#art
#artist
#baddie
#blackartist
#digitalart
#digitalartist
#digitalpainting 
#fashionnova
#fanart
#giselle
#gisellelynette"
212746159,2022-01-29 22:21:13+00:00, ,1487551432228229129,en,78,0,1,4,Twitter for iPhone,@GiseIleLynette @FashionNova Yeah I had get a closer look ğŸ‘€ https://t.co/7vVGMUpqIb
967207003025154048,2022-01-29 22:14:55+00:00, ,1487549844889604099,en,2,0,0,0,Twitter for Android,@GiseIleLynette @FashionNova Oh goodness ğŸ˜ beautiful
1485650437558743052,2022-01-29 22:13:26+00:00, ,1487549471533801474,en,2,0,0,1,Twitter for Android,@GiseIleLynette @FashionNova Nice Gorgeous body ğŸ˜ ğŸ˜˜
993168208822759426,2022-01-29 22:11:28+00:00, ,1487548979932016643,en,4484,4,63,246,Twitter for iPhone,Looks like it was painted on @FashionNova https://t.co/uFVxfqVG3w
1417218267928678405,2022-01-29 22:05:53+00:00, ,1487547574634434560,en,0,0,0,0,Twitter for iPhone,@FashionNovaHelp @fashionNova stop stealing peoples money. do better customer support. reply to the people giving you business #fashionnova
1636376774,2022-01-29 21:52:42+00:00, ,1487544257594359808,en,0,0,0,0,Twitter for iPhone,@MonicaBHillz @shopAKIRA @FashionNova GORGEOUS â¤ï¸â¤ï¸
225862605,2022-01-29 21:46:35+00:00, ,1487542717471236112,en,0,0,0,0,Twitter for iPhone,Done shopping with @fashionnova @OfficialPLT it is from now on.!!
1388232381962891269,2022-01-29 20:13:54+00:00, ,1487519393349255169,en,0,0,0,0,Twitter for Android,@annanystromof @FashionNova @CSxyBeautyflies @AnnaNystromfanp @nystrom_photo @ModelosDel @worldofqueens1 @BellezaD3Mujer @Takayu_10 @alexa__jane20 @Beautiful_FITNZ Love â¤
1544811660,2022-01-29 19:59:22+00:00, ,1487515733454118914,en,0,0,0,0,Twitter for iPhone,@FashionNova I donâ€™t wanna see another motherfucking email from yâ€™all Iâ€™m so deadass like what ğŸ˜’ nahh yâ€™all wildin
1544811660,2022-01-29 19:58:41+00:00, ,1487515560682438658,en,0,0,0,0,Twitter for iPhone,@FashionNova this is ridiculous
1544811660,2022-01-29 19:58:24+00:00, ,1487515490192867329,en,0,0,0,0,Twitter for iPhone,@FashionNova so I guess imma have to message yâ€™all everyday on every site to get a answer .. what kind of business yâ€™all got going on ?
1544811660,2022-01-29 19:56:57+00:00, ,1487515125049344004,en,0,0,0,0,Twitter for iPhone,@FashionNova I ordered this for a Christmas party back in November I know yâ€™all been restocked since then â€¦ I havenâ€™t gotten any money returned to my account that I didnâ€™t recognize
1544811660,2022-01-29 19:55:37+00:00, ,1487514791379931139,en,0,0,0,0,Twitter for iPhone,@FashionNova I want my package or I want my damn money back  ..like yâ€™all wildin now ğŸ˜’ğŸ˜’ğŸ˜’ğŸ˜’ğŸ˜’ğŸ˜’
1544811660,2022-01-29 19:53:17+00:00, ,1487514203061727239,en,0,0,0,0,Twitter for iPhone,@FashionNova I messaged yâ€™all with the information for my order from two months ago and I still have yet to get a respond or my shit .. but yâ€™all sending me emails everyday ğŸ˜’ Iâ€™m starting to get confused whatâ€™s up with yâ€™all?
1245737903197650946,2022-01-29 19:31:25+00:00, ,1487508699535003657,en,560,0,6,40,Twitter for iPhone,"@fashionnova 
â˜•ï¸ on the go. Obsessed with these pants ğŸ–¤
@annanystromof @CSxyBeautyflies @AnnaNystromfanp @nystrom_photo https://t.co/Sj1nX5TAky"
1121943558834016256,2022-01-29 19:20:09+00:00, ,1487505867444568065,en,0,0,0,0,Twitter for Android,@FashionNova Show her face
488211987,2022-01-29 18:50:05+00:00, ,1487498299812761601,en,1,0,0,0,Twitter for Android,@GiseIleLynette @FashionNova Well what do you miss ?
1279625639327199235,2022-01-29 17:57:43+00:00, ,1487485122345508864,en,0,0,0,0,Twitter for Android,@jaybraunxoxo @FashionNova Superb â¤ â¤ ğŸ‘Œ
42540228,2022-01-29 17:34:52+00:00, ,1487479369689935873,en,1,0,0,0,Twitter Web App,@GiseIleLynette @FashionNova Have They Gone Bankrupt ğŸ¤”
1467161950387847176,2022-01-29 17:19:14+00:00, ,1487475437571817486,en,1,0,0,0,Twitter for Android,@GiseIleLynette @FashionNova NeverğŸ˜ğŸ˜ğŸ˜
2782624776,2022-01-29 17:14:49+00:00, ,1487474323753508867,en,0,0,1,0,Twitter for iPhone,"@FashionNova please make sure my order make it before February 17 

#SaturdayMorning"
790695138112573441,2022-01-29 16:57:25+00:00, ,1487469945470529538,en,0,0,0,0,Instagram,"Styled by @FashionNova | @NovaMen #NovaMen

#Saturday | #MoneyChallenge https://t.co/ALrFr4nhOv"
1144896202384793600,2022-01-29 16:54:05+00:00, ,1487469105259106309,en,0,0,0,0,Twitter for Android,@che_Mcsorley @FashionNova Beautiful
1144896202384793600,2022-01-29 16:53:45+00:00, ,1487469024699113475,en,0,0,0,0,Twitter for Android,@che_Mcsorley @FashionNova Perfect ğŸ¤©
774976096706101248,2022-01-29 16:48:14+00:00, ,1487467636246126593,en,1,0,0,1,Instagram,"bad ğŸ‘±ğŸ½â€â™€ï¸ now you canâ€™t #2 her 

Hair: @haradidit 
Boots: @fashionnova 
Pics: @itsjavababy https://t.co/vojJNaMvcl"
1487438804541710338,2022-01-29 16:40:19+00:00, ,1487465640562671617,en,1,0,0,0,Twitter for iPhone,The sun is bright need to put my sunglasses @Guardian_looks  nature photo shoot dress @FashionNova  if you check out sunglasses @Guardian_looks and use promo code PennyR50 save 50%off your order. https://t.co/8ANWImb47s
1459077883465547798,2022-01-29 16:33:14+00:00, ,1487463859866767373,en,77,0,8,4,Twitter for Android,@fashionnova ğŸƒforest fairy ğŸ§šğŸ¼ love this athletic romper from Fashionnovapartner https://t.co/uszcbBkgQD
1487438804541710338,2022-01-29 16:28:44+00:00, ,1487462726775586818,en,1,0,0,0,Twitter for iPhone,Photo shoot @West__38  bodysuit @FashionNova https://t.co/uwR9QNZlZ3
1487438804541710338,2022-01-29 16:19:14+00:00, ,1487460337909645312,en,1,0,0,0,Twitter for iPhone,Photo shoot @West__38  dress @FashionNova https://t.co/AwC5nodVTd
300400090,2022-01-29 15:55:48+00:00, ,1487454439917162500,en,1,0,0,0,Twitter for iPhone,@GiseIleLynette @FashionNova safe to say i need to this
1166150521578766337,2022-01-29 14:44:46+00:00, ,1487436563600527361,en,1,0,0,0,Twitter for iPhone,@GiseIleLynette @FashionNova You look sexy mommy ğŸ˜˜ğŸ’¯ğŸ’•ğŸŒ¹ğŸ’œğŸ˜ğŸ‘…
2258638255,2022-01-29 14:32:23+00:00, ,1487433447610241029,en,1,0,0,0,Twitter for Android,@GiseIleLynette @FashionNova Beautiful!!
3087167722,2022-01-29 14:21:48+00:00, ,1487430781618302978,en,1,0,0,0,Twitter for Android,@GiseIleLynette @FashionNova A Stunning Example Of Beauty!
1957541438,2022-01-29 13:41:25+00:00, ,1487420621004984324,en,1,0,0,0,Twitter Web App,@GiseIleLynette @FashionNova BLACK GOLD &amp; GOLD
4825273329,2022-01-29 13:21:14+00:00, ,1487415541979652098,en,1,0,0,0,Twitter for Android,@GiseIleLynette @FashionNova I don't miss that G-Shock along with hitting that G-Spot
1485085507633790981,2022-01-29 13:14:31+00:00, ,1487413850408464386,en,1,0,0,0,Twitter for Android,@GiseIleLynette @FashionNova Come fucking baby
1375427446971883525,2022-01-29 12:18:14+00:00, ,1487399686265008131,en,0,0,0,0,Twitter for Android,@FashionNova SexyğŸ’¯ğŸ’¯
1375427446971883525,2022-01-29 12:16:54+00:00, ,1487399351525982209,en,0,0,0,0,Twitter for Android,@FashionNova Black beauty ğŸ‘„ğŸ‘„ğŸ’¯ğŸ’¯
1375427446971883525,2022-01-29 12:15:04+00:00, ,1487398888202207233,en,0,0,0,0,Twitter for Android,@FashionNova Beautiful ğŸ’¯ğŸ’¯ğŸ’¯
1375427446971883525,2022-01-29 12:14:29+00:00, ,1487398743804882945,en,0,0,0,0,Twitter for Android,@FashionNova Beautiful angels â¤â¤â¤
